{"initial_reset_timestamp": 3.221343802, "timestamps": [10.2569015, 13.092132714, 14.713761099, 15.619247025, 16.183268868, 16.690043733, 17.505734147, 17.956225818, 19.187688603, 19.53776543, 20.232535393, 20.576586438, 20.966007955, 21.324062713, 21.658818682, 22.03594828, 22.380308596, 22.91407083, 23.20252284, 23.555775952, 23.905041716, 24.184119553, 24.532714471, 24.9752407, 25.298167524, 25.560910314, 25.918627717, 26.514799709, 26.91085445, 27.252901601, 27.61435129, 27.884523934, 28.159006258, 28.433835506, 28.872184497, 29.107162234, 29.435532235, 29.702391614, 29.978171266, 30.374527184, 30.846166472, 31.259413649, 31.695016545, 31.963559141, 32.172754769, 32.512683984, 32.844541051, 33.227698473, 33.632309398, 33.957583559, 34.352824558, 34.700470021, 35.124971389, 35.486734861, 35.846810234, 36.324130092, 36.688116921, 37.052193645, 37.417852698, 37.771803217, 38.114130029, 38.461261248, 38.877752506, 39.334813397, 40.065852374, 40.449656352, 40.807901842, 41.049513573, 41.428351475, 41.800418842, 42.01928818, 42.231669302, 42.457797169, 42.893373917, 43.105538888, 43.464685905, 43.814060056, 44.171942995, 44.603127889, 44.945013796, 45.282856208, 45.658578555, 46.099588487, 46.443295984, 46.811090755, 47.291379672, 47.628748917, 47.991865252, 48.344882906, 48.709507619, 49.043291763, 49.377990486, 49.737853478, 50.064799093, 50.405501498, 50.750921262, 50.985003936, 51.340327864, 51.679780898, 51.911759454, 52.254793887, 52.584624846, 52.799810017, 53.150908895, 53.482551525, 53.685781796, 54.033022254, 54.360557653, 54.690975215, 55.102296874, 55.417750195, 55.782273128, 56.110418654, 56.431212649, 56.746069394, 57.113924134, 57.436609662, 57.804771215, 58.126928483, 58.348772919, 58.662316932, 58.991861223, 59.31138462, 59.641369126, 59.964436498, 60.652458189, 60.99847383, 61.203424499, 61.518864883, 61.820792406, 62.143524004, 62.514387656, 62.931416834, 63.251084284, 63.75678394, 64.083188653, 64.382358931, 64.686472439, 65.010686692, 65.552299519, 65.927116315, 66.240828513, 66.561533919, 66.886592449, 67.128347456, 67.574624794, 67.903338731, 68.208749642, 68.56300996, 68.930296613, 69.256520346, 69.603631241, 69.903257404, 70.283917113, 70.489956096, 70.827235141, 71.134403367, 71.443146442, 71.772531176, 72.184003679, 72.535656638, 72.863134224, 73.219443088, 73.55234631, 73.879662918, 74.189168886, 74.577651206, 74.930928342, 75.480999444, 75.888601831, 76.218738784, 76.558839977, 76.90092381, 77.198603843, 77.462767675, 77.797551527, 78.161558128, 78.491379923, 78.688146446, 79.040424178, 79.369424241, 79.702018679, 80.053975577, 80.430444661, 80.767649031, 81.096823377, 81.423461979, 81.751410456, 82.079177675, 82.421733961, 82.767958139, 83.188350854, 83.520797335, 83.852879262, 84.17950689, 84.501345097, 84.744910432, 85.185320741, 85.513480601, 86.076335707, 86.533071512, 86.881782842, 87.08754469, 87.481935894, 87.913780267, 88.318433378, 88.707347711, 88.965773087, 89.36410378, 89.758498266, 90.145316482, 90.470175674, 90.821612214, 91.239795191, 91.589448697, 92.114592929, 92.684087823, 93.092682807, 93.298740626, 93.670276716, 93.937588598, 94.313755068, 94.69814422, 95.025586111, 95.247116522, 95.507611742, 95.844965408, 96.192293082, 96.572963412, 96.906823727, 97.172583932, 97.504375872, 97.766649411, 98.095198258, 98.303562423, 98.625440034, 98.988666585, 99.351857688, 99.679992077, 99.886536517, 100.10044534, 100.458940005, 100.786866038, 101.14899518, 101.512280422, 101.86699924, 102.199441512, 102.529288525, 102.799259831, 103.270664696, 103.637919633, 103.899786317, 104.392064874, 104.650284072, 105.214740126, 105.468214851, 105.801208734, 106.001049325, 106.268558576, 106.476257988, 106.734539604, 107.065773849, 107.3154219, 107.894710657, 108.14623212, 108.408598755, 108.667077686, 109.012826509, 109.494979631, 109.747959998, 110.074382724, 110.321604514, 110.529360568, 110.790152318, 111.043861364, 111.297793994, 111.558757186, 111.811202325, 112.061610984, 112.39131709, 112.64274847, 112.973920565, 113.227188832, 113.462175476, 113.671376794, 113.938221695, 114.189314661, 114.491769261, 114.747678682, 115.000699505, 115.254664798, 115.580086737, 115.940215492, 116.190845387, 116.720373835, 116.967187098, 117.220674747, 117.465256236, 117.716473077, 117.962411441], "episode_lengths": [1119, 609, 670, 394, 242, 214, 348, 183, 255, 121, 297, 148, 164, 152, 145, 158, 146, 232, 120, 146, 146, 118, 146, 184, 137, 111, 147, 115, 152, 143, 153, 114, 114, 115, 185, 99, 136, 112, 116, 165, 192, 160, 179, 112, 88, 139, 141, 159, 172, 138, 169, 144, 173, 147, 145, 185, 148, 151, 150, 147, 143, 146, 175, 193, 145, 147, 150, 100, 157, 154, 93, 87, 94, 179, 90, 146, 145, 151, 177, 142, 142, 157, 185, 144, 150, 197, 140, 141, 143, 151, 139, 142, 150, 137, 141, 143, 99, 146, 140, 96, 140, 137, 91, 144, 137, 86, 138, 136, 134, 172, 133, 150, 135, 134, 131, 152, 136, 152, 134, 90, 127, 136, 133, 136, 134, 134, 129, 88, 129, 126, 131, 154, 172, 133, 209, 136, 126, 125, 135, 226, 154, 133, 134, 134, 100, 187, 137, 125, 146, 153, 136, 144, 124, 156, 87, 136, 127, 127, 137, 171, 144, 137, 148, 137, 135, 127, 162, 143, 225, 172, 140, 139, 139, 124, 110, 137, 143, 135, 85, 133, 136, 136, 143, 156, 141, 137, 138, 139, 136, 138, 143, 175, 136, 138, 137, 137, 102, 181, 135, 233, 188, 142, 86, 155, 179, 166, 163, 107, 166, 165, 158, 134, 145, 175, 146, 221, 106, 155, 86, 151, 110, 156, 152, 137, 94, 107, 136, 139, 155, 137, 110, 136, 111, 136, 85, 134, 150, 151, 137, 88, 89, 151, 137, 152, 152, 149, 138, 137, 112, 195, 149, 108, 203, 105, 233, 105, 138, 85, 105, 88, 106, 138, 105, 233, 105, 108, 108, 141, 204, 105, 135, 105, 88, 108, 107, 106, 108, 105, 106, 137, 106, 138, 105, 98, 88, 105, 105, 123, 105, 105, 105, 136, 151, 105, 217, 105, 107, 104, 106, 104],